,A_i_mi2,pct_area,coverage_mi2_per_mi2,total_building_footprint_mi2,total_building_footprint_ft2,EUI_kwh_per_ft2,E_class_kwh
1,251600.3827969165,0.9514469257940595,0.0,0.0,0.0,4.0,0.0
2,0.0,0.0,0.0,0.0,0.0,6.0,0.0
3,3046.346030899898,0.011520000620762827,5.831270388052622e-05,0.17764067401748213,4952337.766529102,9.0,44571039.89876191
4,7488.451364930737,0.02831817643088657,0.0003541593070689857,2.65210474642367,73936436.96269956,14.0,1035110117.4777939
5,2304.6437843398594,0.008715194385973804,0.009973790213135382,22.98603362101218,640813839.7000425,22.0,14097904473.400934
