,Sprawling development,Dense development,Current housing distribution
low migration,474982221213.12,422715050310.0,496568125982.78815
average migration,496227776516.4,429146285313.0,517478673410.39526
high migration,517473331819.68,439420930788.0,550859653508.5715
