,sprawl,mixed,dense
low migration,421480772000.0,480463850675.3539,508003421459.54395
average migration,423582926000.0,494610018477.42114,527785622588.2915
high migration,426897314000.0,516927922638.6587,558945434259.4014
