,Sprawling development,Dense development,Current housing distribution
low migration,430735279589.76,406257171582.0,440947538284.3477
average migration,440919099487.2,409632193884.0,451485173143.52094
high migration,451102919384.64,415107402249.0,468613806456.15216
