,sprawl,mixed,dense
low migration,424320362000.0,499542309692.03455,534694901583.03015
average migration,427186262000.0,518881877983.8865,561672140516.7178
high migration,431647928000.0,548947461617.1024,603718874777.6398
